{
  "test-setup-admin.ts": 1775397155.980468,
  "next-env.d.ts": 1776127383.3569458,
  "scratch.ts": 1775795145.7444355,
  "test-drizzle-return.ts": 1775392477.149908,
  "drizzle.config.ts": 1775805825.4326982,
  "vitest.config.ts": 1775397189.292175,
  "vitest.setup.ts": 1775397222.6634247,
  "next.config.ts": 1775366868.0,
  "src/middleware.ts": 1775406709.0665529,
  "src/app/layout.tsx": 1776001615.441218,
  "src/app/(app)/layout.tsx": 1775368215.3880246,
  "src/app/(app)/page.tsx": 1775368393.0168254,
  "src/app/(app)/customers/page.tsx": 1775368750.3525586,
  "src/app/(app)/settings/page.tsx": 1775368818.011744,
  "src/app/(app)/products/page.tsx": 1775368657.33219,
  "src/app/(app)/pos/page.tsx": 1775368494.1778426,
  "src/app/(app)/profile/page.tsx": 1775406504.836988,
  "src/app/(app)/stock/page.tsx": 1775368715.8618448,
  "src/app/(app)/reports/page.tsx": 1775368780.5769248,
  "src/app/setup/SetupForm.tsx": 1775395410.9563262,
  "src/app/setup/page.tsx": 1775395389.609098,
  "src/app/receipt/ReceiptClient.tsx": 1775455805.7956555,
  "src/app/receipt/ReceiptContent.tsx": 1776008725.450072,
  "src/app/receipt/[id]/page.tsx": 1775433829.288295,
  "src/app/api/customers/route.ts": 1776007701.3052313,
  "src/app/api/customers/reconcile/route.ts": 1775795658.0298078,
  "src/app/api/customers/[id]/route.ts": 1776008602.0496633,
  "src/app/api/customers/[id]/pay-debt/route.ts": 1775795647.7747128,
  "src/app/api/settings/route.ts": 1775434033.2700846,
  "src/app/api/products/route.ts": 1775973548.061654,
  "src/app/api/products/export/route.ts": 1776314640.328599,
  "src/app/api/products/[id]/route.ts": 1776004618.819442,
  "src/app/api/products/[id]/status/route.ts": 1776003641.898591,
  "src/app/api/products/[id]/promo/route.ts": 1776099977.878491,
  "src/app/api/products/import/route.ts": 1776314661.640621,
  "src/app/api/suppliers/route.ts": 1776036671.3251803,
  "src/app/api/suppliers/[id]/route.ts": 1776036689.6696649,
  "src/app/api/auth/[...all]/route.ts": 1775367708.2211468,
  "src/app/api/brands/route.ts": 1776036659.1406393,
  "src/app/api/brands/[id]/route.ts": 1776010153.2315593,
  "src/app/api/dashboard/route.ts": 1775400272.8470895,
  "src/app/api/transactions/[id]/route.ts": 1775389365.9087703,
  "src/app/api/pos/products/route.ts": 1775968049.3925953,
  "src/app/api/pos/products/stocks/route.ts": 1775968157.6099155,
  "src/app/api/pos/checkout/route.ts": 1776099709.562919,
  "src/app/api/pos/search/route.ts": 1775389365.908274,
  "src/app/api/profile/route.ts": 1775455805.5792437,
  "src/app/api/users/route.ts": 1775394178.5662344,
  "src/app/api/users/[id]/route.ts": 1775389365.9086297,
  "src/app/api/stock/in/route.ts": 1775455805.71976,
  "src/app/api/stock/opname/route.ts": 1775455805.7327514,
  "src/app/api/stock/logs/route.ts": 1775389365.8731186,
  "src/app/api/setup-admin/route.test.ts": 1775389365.9083664,
  "src/app/api/setup-admin/route.ts": 1775455805.674807,
  "src/app/api/setup-admin/__tests__/route.test.ts": 1776008725.058173,
  "src/app/api/categories/route.ts": 1776035618.149232,
  "src/app/api/categories/[id]/route.ts": 1776013967.993555,
  "src/app/api/reports/receivables/route.ts": 1775369449.865491,
  "src/app/api/reports/suppliers/route.ts": 1775368067.9195921,
  "src/app/api/reports/sales/route.ts": 1775400533.9960356,
  "src/app/api/reports/pnl/route.ts": 1775368080.2005105,
  "src/app/api/reports/stock-low/route.ts": 1775401241.2308471,
  "src/app/login/LoginForm.tsx": 1775395223.2853003,
  "src/app/login/page.tsx": 1775395295.443609,
  "src/stores/catalogStore.ts": 1775957201.2686777,
  "src/stores/uiStore.ts": 1775389534.646244,
  "src/stores/posStore.ts": 1775368489.7873762,
  "src/server/api-helpers.ts": 1775367796.999153,
  "src/utils/checkout.test.ts": 1775369819.240984,
  "src/utils/checkout.ts": 1775367987.4024348,
  "src/utils/money.ts": 1775367792.5950286,
  "src/utils/tier-pricing.test.ts": 1775368974.452581,
  "src/utils/tier-pricing.ts": 1775367794.805313,
  "src/components/ThemeProvider.tsx": 1775389365.90866,
  "src/components/ui/ConfirmDialog.tsx": 1776004794.3256388,
  "src/components/ui/TableLoading.tsx": 1776126932.0634103,
  "src/components/ui/TabNav.tsx": 1776126935.188524,
  "src/components/ui/Card.tsx": 1775389365.908672,
  "src/components/ui/PageHeader.tsx": 1776126931.9879522,
  "src/components/ui/FilterBar.tsx": 1776126941.459056,
  "src/components/ui/LoadMoreButton.tsx": 1776126936.8455293,
  "src/components/ui/TableEmpty.tsx": 1776126932.0526807,
  "src/components/ui/ModalFrame.tsx": 1776126940.1911383,
  "src/components/ui/Badge.tsx": 1775389365.9086082,
  "src/components/ui/Button.tsx": 1775389365.9086838,
  "src/components/ui/Spinner.tsx": 1776126931.8962178,
  "src/components/ui/Input.tsx": 1775389365.9085672,
  "src/components/ui/SearchInput.tsx": 1776126932.0356452,
  "src/components/shell/AppShell.tsx": 1775455806.0149992,
  "src/components/shared/CustomerPicker.tsx": 1775383206.4514222,
  "src/components/shared/SupplierPicker.tsx": 1775389365.9085145,
  "src/components/shared/TransactionPicker.tsx": 1775803003.280278,
  "src/components/shared/ProductPicker.tsx": 1775389365.9081936,
  "src/components/pages/StockClient.tsx": 1776128708.8501577,
  "src/components/pages/PosClient.tsx": 1776049565.074922,
  "src/components/pages/ProductsClient.tsx": 1776053269.0621772,
  "src/components/pages/SettingsClient.tsx": 1775390929.566627,
  "src/components/pages/CustomersClient.tsx": 1776127932.499929,
  "src/components/pages/DashboardClient.tsx": 1775962550.3681052,
  "src/components/pages/ReportsClient.tsx": 1776127175.3863027,
  "src/components/pages/ProfileClient.tsx": 1775455805.9245772,
  "src/components/pages/customers/PayDebtModal.tsx": 1776127241.0444567,
  "src/components/pages/customers/CustomerForm.tsx": 1775407160.8199573,
  "src/components/pages/settings/BrandingSettings.tsx": 1776049565.315491,
  "src/components/pages/settings/UserForm.tsx": 1775391124.7302554,
  "src/components/pages/settings/AppearanceSettings.tsx": 1775390965.4478064,
  "src/components/pages/settings/UsersSettings.tsx": 1776127121.5859232,
  "src/components/pages/products/AutocompleteInput.tsx": 1775455805.874428,
  "src/components/pages/products/SupplierProducts.tsx": 1776127923.8612242,
  "src/components/pages/products/ImportProductModal.tsx": 1776314672.600199,
  "src/components/pages/products/CategoryProducts.tsx": 1776127920.189549,
  "src/components/pages/products/ProductForm.tsx": 1776099961.3059201,
  "src/components/pages/products/BrandProducts.tsx": 1776127916.0183077,
  "src/components/pages/products/Products.tsx": 1776127911.2576287,
  "src/components/pages/pos/CartPanel.tsx": 1775390144.6193497,
  "src/components/pages/pos/SearchPanel.tsx": 1775957254.928364,
  "src/components/pages/pos/CheckoutModal.tsx": 1775803129.7239034,
  "src/components/pages/pos/Toast.tsx": 1776050566.9187458,
  "src/components/pages/stock/StockInForm.tsx": 1776128374.3840015,
  "src/components/pages/stock/StockOutForm.tsx": 1776128668.7309303,
  "src/components/pages/stock/StockLogDetailModal.tsx": 1776127282.9417033,
  "src/components/pages/stock/StockOpnameForm.tsx": 1776128394.3260877,
  "src/components/pages/stock/StockLogs.tsx": 1776128678.7569761,
  "src/components/pages/reports/SalesDetailModal.tsx": 1776127209.1076956,
  "src/components/pages/reports/ReceivableDetailModal.tsx": 1776127224.7202966,
  "src/hooks/useToast.tsx": 1776013409.5707781,
  "src/hooks/usePaginatedList.ts": 1776127308.0469782,
  "src/lib/authz.ts": 1775367706.0488403,
  "src/lib/auth.test.ts": 1775371395.112935,
  "src/lib/cn.ts": 1775368150.7211905,
  "src/lib/login.test.ts": 1775433821.087583,
  "src/lib/redis.ts": 1775455807.142146,
  "src/lib/branding.ts": 1775370322.579453,
  "src/lib/server-session.ts": 1775367726.588993,
  "src/lib/auth.ts": 1775371380.0769885,
  "src/lib/auth-client.ts": 1775367703.9015338,
  "src/db/schema.ts": 1776099174.376356,
  "src/db/seed.ts": 1775395775.907145,